rank,ligand_id,affinity
1,13U,-9.52222729
2,R11,-9.50679398
3,BAH,-9.40473652
4,607,-9.39640045
5,12U,-9.34662437
6,693,-9.30783176
7,653,-9.22238731
8,BZY,-9.20432091
9,32U,-9.18039989
10,J5K,-9.15781689
11,312,-9.06597042
12,1NJ,-9.06549072
13,GP8,-9.05887508
14,50U,-9.05800438
15,780,-9.04497337
16,M6Q,-8.9643364
17,BAO,-8.960186
18,806,-8.95060253
19,BAK,-8.93049622
20,BX3,-8.9280386
21,GOZ,-8.92356586
22,T87,-8.85051537
23,6W4,-8.75550747
24,BAB,-8.75449467
25,847,-8.72230434
26,K73,-8.7117691
27,655,-8.70081425
28,46U,-8.68113232
29,49U,-8.66462612
30,11U,-8.64369583
31,334,-8.62376308
32,10U,-8.55039406
33,TL2,-8.53779507
34,DJY,-8.51655865
35,CTA,-8.47080421
36,TL4,-8.42498875
37,783,-8.41683674
38,3YH,-8.41036034
39,907,-8.35930538
40,623,-8.34267235
41,45U,-8.33095169
42,DX9,-8.3038969
43,BBA,-8.30211544
44,656,-8.29974842
45,6WH,-8.29885674
46,BPO,-8.29478741
47,PMJ,-8.2890358
48,MEL,-8.27995586
49,IMA,-8.24745178
50,TL1,-8.2410574
51,TL3,-8.22632217
52,GZC,-8.21894836
53,711,-8.14317513
54,762,-8.11687279
55,678,-8.05892181
56,CR3,-8.05665874
57,950,-8.0290699
58,M35,-8.02766132
59,974,-8.02144241
60,TFN,-7.98302078
61,MXH,-7.97744226
62,696,-7.93684149
63,688,-7.90950871
64,6VZ,-7.87840557
65,MZE,-7.87298918
66,IGN,-7.84581709
67,132,-7.83548403
68,MID,-7.82186079
69,PR1,-7.81146908
70,0IV,-7.80013275
71,RPR,-7.77424335
72,ZEN,-7.76469755
73,0CB,-7.75232601
74,0KV,-7.73210812
75,LXW,-7.70856476
76,0CA,-7.67206478
77,IN4,-7.60035372
78,CCR,-7.59077358
79,ABB,-7.58730221
80,UIZ,-7.5871191
81,VN1,-7.52939415
82,BR6,-7.50077963
83,J3I,-7.43213367
84,991,-7.36494303
85,PNT,-7.35390568
86,972,-7.35002089
87,UIB,-7.34605551
88,UIR,-7.25522184
89,UIQ,-7.25301933
90,ANH,-7.17837858
91,CR9,-7.17118216
92,RWJ,-7.16851664
93,UIP,-7.13854647
94,ZAP,-7.07421589
95,785,-6.93822622
96,FD3,-6.84091902
97,FD4,-6.82541275
98,A2C,-6.7050581
99,FD1,-6.61273623
100,FD2,-6.5762105
101,0ZG,-6.5563283
102,I4Q,-6.40522909
103,169,-6.38049603
104,E64,-6.17024183
105,FO9,-6.11708832
106,TYI,-5.87970161
107,BHC,-5.76657724
108,IYR,-5.62090826
109,ESI,-5.24833965
110,BRV,-4.65609312
111,XPE,-4.23446274
