ligand_id,status,method,message,pdbqt_bytes
0CA,prepared,openbabel,Open Babel succeeded,4601
0CB,prepared,openbabel,Open Babel succeeded,4593
0IV,prepared,openbabel,Open Babel succeeded,4304
0KV,prepared,openbabel,Open Babel succeeded,4304
0ZG,prepared,openbabel,Open Babel succeeded,3623
10U,prepared,openbabel,Open Babel succeeded,3412
11U,prepared,openbabel,Open Babel succeeded,3492
12U,prepared,openbabel,Open Babel succeeded,3572
132,prepared,meeko,Open Babel failed: 0 molecules converted,3022
13U,prepared,openbabel,Open Babel succeeded,3652
169,prepared,openbabel,Open Babel succeeded,4209
1NJ,prepared,openbabel,Open Babel succeeded,5144
312,prepared,openbabel,Open Babel succeeded,4187
32U,prepared,openbabel,Open Babel succeeded,3812
334,prepared,meeko,Open Babel failed: 0 molecules converted,2425
3YH,prepared,openbabel,Open Babel succeeded,3975
45U,prepared,openbabel,Open Babel succeeded,3332
46U,prepared,openbabel,Open Babel succeeded,3412
49U,prepared,openbabel,Open Babel succeeded,3332
50U,prepared,openbabel,Open Babel succeeded,3412
607,prepared,openbabel,Open Babel succeeded,4218
623,prepared,openbabel,Open Babel succeeded,3701
653,prepared,openbabel,Open Babel succeeded,3654
655,prepared,openbabel,Open Babel succeeded,3010
656,prepared,openbabel,Open Babel succeeded,3110
678,prepared,meeko,Open Babel failed: 0 molecules converted,2769
688,prepared,openbabel,Open Babel succeeded,4053
693,prepared,openbabel,Open Babel succeeded,3976
696,prepared,openbabel,Open Babel succeeded,2928
6VZ,prepared,openbabel,Open Babel succeeded,4398
6W4,prepared,openbabel,Open Babel succeeded,4540
6WH,prepared,openbabel,Open Babel succeeded,4509
711,prepared,openbabel,Open Babel succeeded,3909
762,prepared,meeko,Open Babel failed: 0 molecules converted,2906
780,prepared,openbabel,Open Babel succeeded,2928
783,prepared,openbabel,Open Babel succeeded,3219
785,prepared,openbabel,Open Babel succeeded,2930
806,prepared,openbabel,Open Babel succeeded,4020
847,prepared,meeko,Open Babel failed: 0 molecules converted,3196
907,prepared,meeko,Open Babel failed: 0 molecules converted,2425
950,prepared,openbabel,Open Babel succeeded,3190
972,prepared,meeko,Open Babel failed: 0 molecules converted,2890
974,prepared,openbabel,Open Babel succeeded,4908
991,prepared,meeko,Open Babel failed: 0 molecules converted,2938
A2C,prepared,openbabel,Open Babel succeeded,3738
ABB,prepared,openbabel,Open Babel succeeded,4025
ANH,prepared,openbabel,Open Babel succeeded,3992
BAB,prepared,openbabel,Open Babel succeeded,3487
BAH,prepared,openbabel,Open Babel succeeded,3889
BAK,prepared,openbabel,Open Babel succeeded,3487
BAO,prepared,openbabel,Open Babel succeeded,3330
BBA,prepared,openbabel,Open Babel succeeded,3491
BHC,prepared,openbabel,Open Babel succeeded,3661
BPO,prepared,openbabel,Open Babel succeeded,3971
BR6,prepared,meeko,Open Babel failed: 0 molecules converted,2013
BRV,prepared,meeko,Open Babel failed: 0 molecules converted,1989
BX3,prepared,openbabel,Open Babel succeeded,4107
BZY,prepared,openbabel,Open Babel succeeded,4182
CCR,prepared,openbabel,Open Babel succeeded,5381
CR3,prepared,openbabel,Open Babel succeeded,3010
CR9,prepared,openbabel,Open Babel succeeded,3299
CTA,prepared,openbabel,Open Babel succeeded,6144
DJY,prepared,openbabel,Open Babel succeeded,4753
DX9,prepared,openbabel,Open Babel succeeded,4027
E64,prepared,openbabel,Open Babel succeeded,4241
ESI,prepared,openbabel,Open Babel succeeded,1724
FD1,prepared,openbabel,Open Babel succeeded,4299
FD2,prepared,openbabel,Open Babel succeeded,4349
FD3,prepared,openbabel,Open Babel succeeded,3895
FD4,prepared,openbabel,Open Babel succeeded,4104
FO9,prepared,openbabel,Open Babel succeeded,3251
GOZ,prepared,openbabel,Open Babel succeeded,3733
GP8,prepared,openbabel,Open Babel succeeded,3171
GZC,prepared,openbabel,Open Babel succeeded,4059
I4Q,prepared,openbabel,Open Babel succeeded,3221
IGN,prepared,openbabel,Open Babel succeeded,4301
IMA,prepared,openbabel,Open Babel succeeded,4850
IN4,prepared,openbabel,Open Babel succeeded,3623
IYR,prepared,openbabel,Open Babel succeeded,2212
J3I,prepared,openbabel,Open Babel succeeded,3649
J5K,prepared,openbabel,Open Babel succeeded,3414
K73,prepared,openbabel,Open Babel succeeded,3651
LXW,prepared,openbabel,Open Babel succeeded,3736
M35,prepared,openbabel,Open Babel succeeded,4185
M6Q,prepared,openbabel,Open Babel succeeded,3414
MEL,prepared,openbabel,Open Babel succeeded,4059
MID,prepared,openbabel,Open Babel succeeded,4379
MXH,prepared,openbabel,Open Babel succeeded,5650
MZE,prepared,openbabel,Open Babel succeeded,5731
PMJ,prepared,openbabel,Open Babel succeeded,5109
PNT,prepared,openbabel,Open Babel succeeded,3579
PR1,prepared,openbabel,Open Babel succeeded,3654
R11,prepared,openbabel,Open Babel succeeded,3751
RPR,prepared,openbabel,Open Babel succeeded,4483
RWJ,prepared,openbabel,Open Babel succeeded,3494
T87,prepared,openbabel,Open Babel succeeded,4805
TFN,prepared,openbabel,Open Babel succeeded,4774
TL1,prepared,openbabel,Open Babel succeeded,3491
TL2,prepared,openbabel,Open Babel succeeded,3491
TL3,prepared,openbabel,Open Babel succeeded,3490
TL4,prepared,openbabel,Open Babel succeeded,3491
TYI,prepared,openbabel,Open Babel succeeded,2293
UIB,prepared,openbabel,Open Babel succeeded,3766
UIP,prepared,openbabel,Open Babel succeeded,3620
UIQ,prepared,openbabel,Open Babel succeeded,3749
UIR,prepared,openbabel,Open Babel succeeded,3650
UIZ,prepared,openbabel,Open Babel succeeded,4052
VN1,prepared,openbabel,Open Babel succeeded,4613
XPE,prepared,openbabel,Open Babel succeeded,5369
ZAP,prepared,openbabel,Open Babel succeeded,3495
ZEN,prepared,meeko,Open Babel failed: 0 molecules converted,3224
