ligand_id,affinity,status,message
13U,-9.51114082,ok,
R11,-9.7876091,ok,
BAH,-9.41380882,ok,
607,-9.2651825,ok,
12U,-9.3740406,ok,
693,-9.15939617,ok,
653,-9.07495594,ok,
BZY,-9.08697701,ok,
32U,-9.19957352,ok,
J5K,-9.15343666,ok,
312,-8.838871,ok,
1NJ,-8.88382721,ok,
GP8,-8.54356194,ok,
50U,-9.00540924,ok,
780,-7.93871975,ok,
M6Q,-8.94965744,ok,
BAO,-8.69809914,ok,
806,-9.02489281,ok,
BAK,-8.95087242,ok,
BX3,-8.84983921,ok,
GOZ,-8.95558548,ok,
T87,-9.27052689,ok,
6W4,-8.69390869,ok,
BAB,-8.9102726,ok,
847,-8.72230434,ok,
K73,-8.69906902,ok,
655,-8.39493465,ok,
46U,-8.28207207,ok,
49U,-8.72751713,ok,
11U,-8.83266163,ok,
334,-8.62376308,ok,
10U,-8.20950127,ok,
TL2,-7.87570429,ok,
DJY,-7.02129507,ok,
CTA,-8.0837822,ok,
TL4,-8.1737442,ok,
783,-8.48221874,ok,
3YH,-8.49411392,ok,
907,-8.35930538,ok,
623,-8.72955799,ok,
45U,-8.01293087,ok,
DX9,-8.87068081,ok,
BBA,-8.30313778,ok,
656,-8.0736475,ok,
6WH,-8.40295696,ok,
BPO,-8.32184505,ok,
PMJ,-8.61881733,ok,
MEL,-7.93924713,ok,
IMA,-8.20963573,ok,
TL1,-8.08045292,ok,
TL3,-8.25018597,ok,
GZC,-8.85129261,ok,
711,-8.95236301,ok,
762,-8.11687279,ok,
678,-8.05892181,ok,
CR3,-7.04886436,ok,
950,-7.93337965,ok,
M35,-8.1889143,ok,
974,-7.88963842,ok,
TFN,-7.96061945,ok,
MXH,-9.10595226,ok,
696,-7.91472101,ok,
688,-7.72513294,ok,
6VZ,-7.54149342,ok,
MZE,-7.83599043,ok,
IGN,-7.74675846,ok,
132,-7.83548403,ok,
MID,-8.10203171,ok,
PR1,-7.24211168,ok,
0IV,-7.7621007,ok,
RPR,-8.06166649,ok,
ZEN,-7.76469755,ok,
0CB,-7.87034655,ok,
0KV,-7.70206642,ok,
LXW,-7.74319887,ok,
0CA,-9.00250626,ok,
IN4,-7.41906261,ok,
CCR,-7.56863022,ok,
ABB,-7.54670191,ok,
UIZ,-7.6779809,ok,
VN1,-7.39386272,ok,
BR6,-7.50077963,ok,
J3I,-8.91229343,ok,
991,-7.36494303,ok,
PNT,-7.59291458,ok,
972,-7.35002089,ok,
UIB,-6.48387289,ok,
UIR,-7.24553823,ok,
UIQ,-7.20121145,ok,
ANH,-7.0874486,ok,
CR9,-8.63913727,ok,
RWJ,-6.66974115,ok,
UIP,-7.16397953,ok,
ZAP,-7.08148623,ok,
785,-8.68081379,ok,
FD3,-6.83181667,ok,
FD4,-6.32132292,ok,
A2C,-7.88845873,ok,
FD1,-6.60576391,ok,
FD2,-6.66126823,ok,
0ZG,-6.56410408,ok,
I4Q,-5.83459187,ok,
169,-6.37924242,ok,
E64,-6.31436872,ok,
FO9,-6.06976461,ok,
TYI,-5.88563824,ok,
BHC,-5.61763096,ok,
IYR,-5.65566826,ok,
ESI,-5.25239992,ok,
BRV,-4.65609312,ok,
XPE,-4.22043133,ok,
