rank,ligand_id,affinity,n_interactions
1,13U,-9.52222729,0
2,R11,-9.50679398,0
3,BAH,-9.40473652,0
4,607,-9.39640045,0
5,12U,-9.34662437,0
6,693,-9.30783176,0
7,653,-9.22238731,0
8,BZY,-9.20432091,0
9,32U,-9.18039989,0
10,J5K,-9.15781689,0
11,312,-9.06597042,0
12,1NJ,-9.06549072,0
13,GP8,-9.05887508,0
14,50U,-9.05800438,0
15,780,-9.04497337,0
16,M6Q,-8.9643364,0
17,BAO,-8.960186,0
18,806,-8.95060253,0
19,BAK,-8.93049622,0
20,BX3,-8.9280386,0
21,GOZ,-8.92356586,0
22,T87,-8.85051537,0
23,6W4,-8.75550747,0
24,BAB,-8.75449467,0
25,847,-8.72230434,0
26,K73,-8.7117691,0
27,655,-8.70081425,0
28,46U,-8.68113232,0
29,49U,-8.66462612,0
30,11U,-8.64369583,0
31,334,-8.62376308,0
32,10U,-8.55039406,0
33,TL2,-8.53779507,0
34,DJY,-8.51655865,0
35,CTA,-8.47080421,0
36,TL4,-8.42498875,0
37,783,-8.41683674,0
38,3YH,-8.41036034,0
39,907,-8.35930538,0
40,623,-8.34267235,0
41,45U,-8.33095169,0
42,DX9,-8.3038969,0
43,BBA,-8.30211544,0
44,656,-8.29974842,0
45,6WH,-8.29885674,0
46,BPO,-8.29478741,0
47,PMJ,-8.2890358,0
48,MEL,-8.27995586,0
49,IMA,-8.24745178,0
50,TL1,-8.2410574,0
51,TL3,-8.22632217,0
52,GZC,-8.21894836,0
53,711,-8.14317513,0
54,762,-8.11687279,0
55,678,-8.05892181,0
56,CR3,-8.05665874,0
57,950,-8.0290699,0
58,M35,-8.02766132,0
59,974,-8.02144241,0
60,TFN,-7.98302078,0
61,MXH,-7.97744226,0
62,696,-7.93684149,0
63,688,-7.90950871,0
64,6VZ,-7.87840557,0
65,MZE,-7.87298918,0
66,IGN,-7.84581709,0
67,132,-7.83548403,0
68,MID,-7.82186079,0
69,PR1,-7.81146908,0
70,0IV,-7.80013275,0
71,RPR,-7.77424335,0
72,ZEN,-7.76469755,0
73,0CB,-7.75232601,0
74,0KV,-7.73210812,0
75,LXW,-7.70856476,0
76,0CA,-7.67206478,0
77,IN4,-7.60035372,0
78,CCR,-7.59077358,0
79,ABB,-7.58730221,0
80,UIZ,-7.5871191,0
81,VN1,-7.52939415,0
82,BR6,-7.50077963,0
83,J3I,-7.43213367,0
84,991,-7.36494303,0
85,PNT,-7.35390568,0
86,972,-7.35002089,0
87,UIB,-7.34605551,0
88,UIR,-7.25522184,0
89,UIQ,-7.25301933,0
90,ANH,-7.17837858,0
91,CR9,-7.17118216,0
92,RWJ,-7.16851664,0
93,UIP,-7.13854647,0
94,ZAP,-7.07421589,0
95,785,-6.93822622,0
96,FD3,-6.84091902,0
97,FD4,-6.82541275,0
98,A2C,-6.7050581,0
99,FD1,-6.61273623,0
100,FD2,-6.5762105,0
101,0ZG,-6.5563283,0
102,I4Q,-6.40522909,0
103,169,-6.38049603,0
104,E64,-6.17024183,0
105,FO9,-6.11708832,0
106,TYI,-5.87970161,0
107,BHC,-5.76657724,0
108,IYR,-5.62090826,0
109,ESI,-5.24833965,0
110,BRV,-4.65609312,0
111,XPE,-4.23446274,0
