Residue,ΔG (kcal/mol),Std Dev
TRP193,-0.6509945119999991,1.7628428342427014
CYX173,-0.5571359039999995,2.2707351155039484
GLY204,-0.4989487360000018,2.412875654758707
GLY194,-0.38501367999999836,2.0076773859927366
GLN174,-0.37740401600000273,1.6996108984942553
CYX197,-0.2065763519999991,2.5496327646127397
PRO203,-0.18720479999999995,1.791738369121893
VAL205,-0.14981084799999778,1.6446676281665369
ALA198,-0.1382600000000006,2.2000577805655324
THR80,-0.13206513600000047,1.854897490585666
SER177,-0.11657099199999976,2.275418776163366
ASP171,-0.09081999999999901,1.9152160565711374
ILE190,-0.08008000000000282,1.7695921891780606
HID40,-0.07638752000000038,1.6910851929747364
GLY175,-0.07626000000000133,1.9254466663924514
ASP176,-0.07493999999999978,2.1526682442320806
LEU81,-0.06487999999999977,2.4016028662566273
ASN77,-0.05150000000000077,1.913118797271923
ASN123,-0.04051999999999811,2.22618601109611
ALA38,-0.040059999999999985,1.727013518534236
SER195,-0.04003139200000039,1.9266572797789887
ALA39,-0.037419999999998454,1.6668134193546944
SER37,-0.0339400000000003,1.880542798343061
GLY178,-0.03353999999999768,1.8481717127730877
ASP84,-0.030799999999997052,1.856650836038109
CYX162,-0.026739999999998654,1.7084370743274648
PRO132,-0.025320000000000675,2.0377903494411425
CYX41,-0.021040000000000614,1.9687027006821223
PHE161,-0.019880000000000564,1.530023588861172
LYS170,-0.017959999999997617,2.4603720182086053
PRO141,-0.016300000000000647,2.1120876490335343
SER130,-0.013800000000002477,2.939169008479769
TYR5,-0.012460000000001692,1.9619479208600006
CYX183,-0.010799999999999699,1.877189616248248
PRO106,-0.010699999999998822,2.0517055561453423
ASP145,-0.010559999999999459,1.9099433825666066
CYX25,-0.01017999999999919,1.7556284970346092
ASP133,-0.00871999999999857,2.362733864377823
ASP53,-0.007579999999998588,1.7867183629290961
GLY164,-0.006200000000001538,1.9154911724582884
VAL2,-0.005799999999999805,1.9854937219744608
PRO74,-0.005620000000001402,1.6292122346476543
SER144,-0.005319999999996661,2.276411750717406
LEU138,-0.0028199999999998226,2.2076431006039408
ILE30,-0.001980000000001203,1.597127839214776
ASN56,-0.0019800000000008144,2.0270877452336604
PRO13,-0.0017399999999994087,1.4568142944990465
ASN31,-0.0012999999999999123,2.233496196812736
ASN223,-0.0009200000000149089,3.5144115926766397
ILE220,-0.0008799999999995478,1.5795908507600644
SER184,-0.0007999999999999119,1.6956202745540176
THR107,-0.000580000000000247,2.014856135344093
ALA9,-0.0005399999999990968,2.0157886938847076
SER111,-0.00042000000000008697,2.318268485780672
GLU59,-0.0003600000000005821,1.9334148866471925
LEU90,-0.0003599999999985837,2.4069972929463344
ILE65,-0.0002799999999982816,2.1467616463686996
VAL58,-0.00022000000000188535,1.9890421532484284
SER92,-0.00021999999999700037,1.6479843289229612
ALA221,-0.00017999999999984695,1.592613823522218
ILE71,-0.00010000000000021103,1.6627196591889193
SER104,-9.999999999976694e-05,1.623947049990767
GLN63,-7.999999999874774e-05,2.6658888511346897
ALA101,-5.9999999999990616e-05,1.9716622527656307
GLY60,5.9999999998172626e-05,1.9196862806198636
SER95,6.0000000001503295e-05,2.9078612926725187
SER214,8.00000000005241e-05,1.8072369623543412
ASN97,0.000180000000000069,1.905391155079512
ASN61,0.00023999999999890775,1.9714370428322168
VAL213,0.000460000000000349,1.9125361526291125
LEU96,0.00048000000000159027,1.9708852438057627
SER222,0.0005199999999980776,1.8950268482552357
SER98,0.0005200000000016303,2.222493879864268
VAL57,0.0005799999999988037,1.6706531855991966
ALA94,0.000580000000000358,1.6287195993283514
SER20,0.0005800000000026895,1.6980631753287434
VAL36,0.0006199999999996209,1.799354670415262
LYS91,0.0006400000000024164,1.7784818069064685
THR114,0.0006599999999998829,1.680439038867331
ALA93,0.0008199999999993768,1.7981968614374875
LYS217,0.0009600000000009601,1.9214491254099257
THR207,0.0010400000000020844,1.7634423541781006
SER32,0.001120000000000232,1.680895930220618
SER68,0.001160000000000494,1.8615037167501116
GLU62,0.0011799999999993968,2.0232789842066006
TYR206,0.0012600000000029254,1.4697309855754226
LYS202,0.0012747359999973895,2.083474097521754
GLN218,0.0016399999999965331,1.7995684080443402
TYR152,0.0018199999999950478,1.7136750087093697
ASN83,0.0018199999999992666,2.2899151087502587
SER28,0.0018600000000050798,1.987683324669694
GLU52,0.002080000000000748,2.347759449658936
SER66,0.0022599999999979303,2.213504894174507
PHE64,0.002320000000001432,2.599251770498258
ALA67,0.0023200000000020427,2.245849830135728
SER44,0.0024000000000024,1.942058255146121
GLN33,0.0024599999999993516,1.8466307810654958
SER108,0.0024600000000001288,1.853216681241812
ILE55,0.0026399999999990875,2.3766833441445323
PRO180,0.002799999999998387,1.8808784028842227
MET86,0.0028999999999994586,2.0526689004120793
ASN10,0.002920000000000589,1.7794787815020612
TYR212,0.003000000000001002,1.895916552762112
SER146,0.003060000000002283,2.192114934012925
VAL16,0.0031200000000000117,1.7438613321018417
GLY45,0.003220000000000889,1.9539761293906959
GLY21,0.0032999999999994145,1.6380821221278408
SER127,0.0035000000000007248,1.7026352710737493
CYX210,0.0035999999999991594,2.1017932329285522
ILE88,0.0036800000000003497,1.9732700930181855
GLY185,0.003979999999998984,1.886323319638233
THR219,0.004120000000000346,1.9409126741640017
ASN159,0.004220000000000557,2.0953112333735517
SER119,0.0042999999999997485,1.9164910149482797
ARG99,0.004539999999998212,2.318002279921793
LEU166,0.004579999999998918,1.6210829549976142
GLY8,0.004640000000001088,2.5144286812157137
LEU18,0.004719999999999502,2.1997656751572428
SER75,0.00484000000000151,2.326153644162368
GLY113,0.004860000000000753,2.1137203144552794
SER102,0.00490000000000157,1.7102213361933654
GLY179,0.004920000000002478,1.837455260759129
GLY51,0.004940000000001277,2.0692545185636027
ILE103,0.004979999999999318,1.6561773446315469
VAL100,0.005060000000002063,1.8574030886093442
GLU167,0.0050800000000004175,2.0907467038887284
ALA110,0.005460000000001131,1.5064321464380295
ILE216,0.005760000000001764,1.6982139712062225
THR11,0.005960000000000409,1.8171741195316933
GLN47,0.006039999999999879,2.3136679640264233
CYX7,0.006099999999999328,1.9818021773930818
PRO153,0.0066800000000009074,1.5561688375819296
LYS69,0.006919999999999815,2.174808246189441
ASN19,0.007060000000001843,1.9219245064862112
TYR14,0.007199999999999651,2.7761128472942898
LEU29,0.007339999999999236,2.3277529972915945
LEU87,0.007339999999999458,1.9945359587136446
SER158,0.007400000000000517,1.9518332201446873
ILE46,0.007439999999999447,1.8542734022871503
GLY128,0.007559999999999345,2.417477476978298
ALA112,0.007599999999998275,1.7220913130668878
TRP215,0.00872000000000206,1.9381163421648437
ASN211,0.008779999999999455,1.8698014440314206
LEU105,0.008800000000007913,1.7614926930067196
CYX116,0.009160000000000668,1.4447978307195508
CYX109,0.009359999999998259,2.3474756380094224
LYS89,0.009719999999999951,2.227858253392906
LEU50,0.010080000000001643,2.094524104862453
ILE85,0.010480000000000489,1.7721755825303291
SER126,0.010500000000000398,1.889482586769293
THR157,0.010680000000002465,2.308341568666216
SER150,0.011080000000001533,1.9725476639708774
VAL182,0.011400000000001853,1.6702829444911549
VAL12,0.011500000000005173,1.5149410295590962
TRP34,0.011800000000000033,2.0786049504415214
ALA140,0.011879999999999669,1.9253375927523284
TYR22,0.011960000000000075,1.70176275984708
CYX137,0.01207999999999565,1.5636066147652892
GLY27,0.012380000000002944,1.9810766578765677
THR6,0.012619999999999632,1.6779364946550015
SER70,0.012620000000000076,2.0720064146590595
GLY169,0.01289999999999969,1.585699091422993
GLY189,0.012999999999999456,1.8277159683057977
ARG49,0.01372000000000223,1.9144657854303995
VAL48,0.013960000000002637,1.6497983743476035
VAL181,0.014419999999998545,1.8411007869207021
SER17,0.014679999999996696,2.210912144070862
LYS43,0.01532,2.064265148749999
TYR165,0.01565999999999934,2.002327651624625
HID73,0.01656000000000546,2.0679194132913237
VAL72,0.016739999999999533,1.7245489962488123
VAL35,0.016759999999999664,1.7158305977066692
SER147,0.016760000000000996,2.2129055392185233
ILE118,0.01677999999999935,2.0635824928791773
LEU143,0.017060000000000297,2.1421927848025697
GLY168,0.018100000000003114,2.0144641404947947
CYX148,0.018139999999999823,2.097309752617469
ASN54,0.018379999999999952,2.314783154886677
GLY3,0.01842000000000077,1.8964892083723275
VAL209,0.01847999999999672,2.292936046691121
TYR42,0.019720000000001292,1.6112896831301375
ASN201,0.02066000000000079,1.5654450780263482
LYS149,0.02175999999999867,2.3384500404667308
GLN115,0.02205999999999894,1.8398418583341305
VAL134,0.022399999999999975,2.2658843619067643
GLY26,0.02284000000000308,1.4994858555893096
LEU117,0.023880000000000012,1.6625745926535354
GLY154,0.02464000000000066,1.822780252941909
LYS186,0.02513999999999883,2.0468655925585333
ILE156,0.025219999999999798,1.742719127918834
ILE142,0.02698000000000156,2.1751588577799184
GLN199,0.027800000000000935,1.8190430944420972
GLN188,0.028420000000001222,2.144438808945585
ASN82,0.031700000000000506,2.482720765568087
GLN155,0.03277623999999968,2.480730629041939
HIE23,0.03543999999999947,1.9698284846599001
GLN15,0.03582000000000157,2.0120257608972683
LEU187,0.03753999999999991,1.8342865277813052
GLY4,0.037559999999999594,1.781627104538629
ALA151,0.037959999999998995,1.746793477469547
GLY122,0.03820000000000068,2.239367521254885
GLY120,0.038579999999999615,2.044344714385771
VAL191,0.04238000000000319,2.0838029208737625
TYR131,0.04285999999999923,2.089639279104623
LEU135,0.04342000000000201,2.0749040812341164
PHE24,0.04439999999999977,1.8766672511023552
ALA163,0.044660000000001365,1.870199820634363
MET160,0.048620000000001884,1.7123690130636342
THR124,0.04895999999999878,2.2083499048008837
LYS139,0.04905999999999988,2.376687878321684
LYS200,0.05177999999999994,2.0358137393479647
THR129,0.052380000000000315,1.7329427810122633
TYR76,0.052500000000001476,1.9108215946258238
TRP121,0.05443999999999871,1.5561922621023885
GLY196,0.06834899199999889,1.9985932048149484
LYS136,0.06957999999999975,2.5863709955843546
SER78,0.07582916800000028,2.1505157217675754
LYS208,0.07617999999999814,2.2844316078461615
LYS125,0.09794000000000103,2.3045128326198125
ASN79,0.2038070719999986,1.9531835343583908
SER192,0.26845363199999994,1.331405439348226
SER172,0.2858851840000005,2.0802067189275215
ILE1,0.2939599999999558,3.623059260894992
